,Skater,Element #,Element,Base Value,Final Score,GOE,Gender,Competition,Season,Segment
0,Deniss VASILJEVS,10,FCCoSp4,3.5,4.75,1.25,Men,Allen,2024,Free Skate
1,Deniss VASILJEVS,11,FSSp4,3.0,3.94,0.94,Men,Allen,2024,Free Skate
2,Deniss VASILJEVS,12,ChSq1,3.0,4.71,1.71,Men,Allen,2024,Free Skate
3,Deniss VASILJEVS,2,3Lz+3T,10.1,11.79,1.69,Men,Allen,2024,Free Skate
4,Deniss VASILJEVS,3,3A+2A+SEQ,11.3,11.99,0.69,Men,Allen,2024,Free Skate
5,Deniss VASILJEVS,4,3F,5.3,6.44,1.14,Men,Allen,2024,Free Skate
6,Deniss VASILJEVS,5,CCoSp4,3.5,4.45,0.95,Men,Allen,2024,Free Skate
7,Deniss VASILJEVS,6,StSq3,3.3,4.05,0.75,Men,Allen,2024,Free Skate
8,Donovan CARRILLO,1,S,0.0,0.0,0.0,Men,Allen,2024,Free Skate
9,Donovan CARRILLO,10,StSq2,2.6,2.97,0.37,Men,Allen,2024,Free Skate
10,Donovan CARRILLO,11,CCoSp3,3.0,3.17,0.17,Men,Allen,2024,Free Skate
11,Donovan CARRILLO,12,CSSp3,2.6,2.71,0.11,Men,Allen,2024,Free Skate
12,Donovan CARRILLO,3,3Lo,4.9,4.97,0.07,Men,Allen,2024,Free Skate
13,Donovan CARRILLO,5,FCSp3,2.8,2.72,-0.08,Men,Allen,2024,Free Skate
14,Donovan CARRILLO,8,ChSq1,3.0,3.07,0.07,Men,Allen,2024,Free Skate
15,Francois PITOT,1,2S,1.3,1.36,0.06,Men,Allen,2024,Free Skate
16,Francois PITOT,10,StSq2,2.6,3.16,0.56,Men,Allen,2024,Free Skate
17,Francois PITOT,12,CSSp3,2.6,2.67,0.07,Men,Allen,2024,Free Skate
18,Francois PITOT,2,3F,5.3,6.21,0.91,Men,Allen,2024,Free Skate
19,Francois PITOT,3,3A+2T,9.3,10.56,1.26,Men,Allen,2024,Free Skate
20,Francois PITOT,4,FCSp4,3.2,3.75,0.55,Men,Allen,2024,Free Skate
21,Francois PITOT,5,CCoSp3V,2.25,2.64,0.39,Men,Allen,2024,Free Skate
22,Francois PITOT,6,ChSq1,3.0,3.29,0.29,Men,Allen,2024,Free Skate
23,Francois PITOT,7,3A,8.0,9.49,1.49,Men,Allen,2024,Free Skate
24,Ilia MALININ,1,4F,11.0,15.24,4.24,Men,Allen,2024,Free Skate
25,Ilia MALININ,10,StSq4,3.9,5.07,1.17,Men,Allen,2024,Free Skate
26,Ilia MALININ,11,ChSq1,3.0,5.14,2.14,Men,Allen,2024,Free Skate
27,Ilia MALININ,12,FSSp4,3.0,3.77,0.77,Men,Allen,2024,Free Skate
28,Ilia MALININ,2,3A,8.0,10.4,2.4,Men,Allen,2024,Free Skate
29,Ilia MALININ,3,4Lz,11.5,14.13,2.63,Men,Allen,2024,Free Skate
30,Ilia MALININ,4,2Lo,1.7,1.72,0.02,Men,Allen,2024,Free Skate
31,Ilia MALININ,5,CCoSp4,3.5,4.2,0.7,Men,Allen,2024,Free Skate
32,Ilia MALININ,9,CCSp3,2.8,3.32,0.52,Men,Allen,2024,Free Skate
33,Kao MIURA,1,3A+1Eu+3S,12.8,14.86,2.06,Men,Allen,2024,Free Skate
34,Kao MIURA,11,CSSp3,2.6,3.16,0.56,Men,Allen,2024,Free Skate
35,Kao MIURA,12,CCoSp3,3.0,3.94,0.94,Men,Allen,2024,Free Skate
36,Kao MIURA,2,4S,9.7,11.09,1.39,Men,Allen,2024,Free Skate
37,Kao MIURA,4,FCSp4,3.2,3.75,0.55,Men,Allen,2024,Free Skate
38,Kao MIURA,6,StSq2,2.6,3.16,0.56,Men,Allen,2024,Free Skate
39,Kao MIURA,9,ChSq1,3.0,4.64,1.64,Men,Allen,2024,Free Skate
40,Kevin AYMOZ,1,4T+2T,10.8,13.24,2.44,Men,Allen,2024,Free Skate
41,Kevin AYMOZ,10,CCSp4,3.2,4.21,1.01,Men,Allen,2024,Free Skate
42,Kevin AYMOZ,11,ChSq1,3.0,5.21,2.21,Men,Allen,2024,Free Skate
43,Kevin AYMOZ,12,CCoSp4,3.5,4.65,1.15,Men,Allen,2024,Free Skate
44,Kevin AYMOZ,2,4T,9.5,12.08,2.58,Men,Allen,2024,Free Skate
45,Kevin AYMOZ,3,3Lz,5.9,7.5,1.6,Men,Allen,2024,Free Skate
46,Kevin AYMOZ,4,3A+2A+SEQ,11.3,13.81,2.51,Men,Allen,2024,Free Skate
47,Kevin AYMOZ,5,FCCoSp4,3.5,4.5,1.0,Men,Allen,2024,Free Skate
48,Kevin AYMOZ,6,StSq3,3.3,4.57,1.27,Men,Allen,2024,Free Skate
49,Koshiro SHIMADA,1,S,0.0,0.0,0.0,Men,Allen,2024,Free Skate
50,Koshiro SHIMADA,10,CSSp2,2.3,2.6,0.3,Men,Allen,2024,Free Skate
51,Koshiro SHIMADA,11,ChSq1,3.0,4.07,1.07,Men,Allen,2024,Free Skate
52,Koshiro SHIMADA,12,FCSp3,2.8,3.32,0.52,Men,Allen,2024,Free Skate
53,Koshiro SHIMADA,3,3A+3T,12.2,13.46,1.26,Men,Allen,2024,Free Skate
54,Koshiro SHIMADA,5,CCoSp4,3.5,3.95,0.45,Men,Allen,2024,Free Skate
55,Koshiro SHIMADA,6,StSq4,3.9,4.62,0.72,Men,Allen,2024,Free Skate
56,Lucas BROUSSARD,1,3T+2T,5.5,6.46,0.96,Men,Allen,2024,Free Skate
57,Lucas BROUSSARD,11,StSq3,3.3,3.91,0.61,Men,Allen,2024,Free Skate
58,Lucas BROUSSARD,12,CCoSp4,3.5,4.35,0.85,Men,Allen,2024,Free Skate
59,Lucas BROUSSARD,2,2A,3.3,3.96,0.66,Men,Allen,2024,Free Skate
60,Lucas BROUSSARD,3,3Lz+3T,10.1,10.94,0.84,Men,Allen,2024,Free Skate
61,Lucas BROUSSARD,4,FCSSp4,3.0,3.43,0.43,Men,Allen,2024,Free Skate
62,Lucas BROUSSARD,6,FCSp4,3.2,3.52,0.32,Men,Allen,2024,Free Skate
63,Lucas BROUSSARD,8,ChSq1,3.0,4.43,1.43,Men,Allen,2024,Free Skate
64,Maxim NAUMOV,1,4S,9.7,6.79,-2.91,Men,Allen,2024,Free Skate
65,Maxim NAUMOV,10,FCCoSp2,2.5,2.61,0.11,Men,Allen,2024,Free Skate
66,Maxim NAUMOV,11,ChSq1,3.0,3.86,0.86,Men,Allen,2024,Free Skate
67,Maxim NAUMOV,12,FSSp4,3.0,3.3,0.3,Men,Allen,2024,Free Skate
68,Maxim NAUMOV,2,3A+2A+SEQ,11.3,11.64,0.34,Men,Allen,2024,Free Skate
69,Maxim NAUMOV,3,3A,8.0,8.23,0.23,Men,Allen,2024,Free Skate
70,Maxim NAUMOV,4,3Lz+3T,10.1,9.85,-0.25,Men,Allen,2024,Free Skate
71,Maxim NAUMOV,5,CCoSp4,3.5,3.7,0.2,Men,Allen,2024,Free Skate
72,Maxim NAUMOV,6,StSq3,3.3,3.77,0.47,Men,Allen,2024,Free Skate
73,Nika EGADZE,10,StSq3,3.3,3.82,0.52,Men,Allen,2024,Free Skate
74,Nika EGADZE,11,ChSq1,3.0,3.93,0.93,Men,Allen,2024,Free Skate
75,Nika EGADZE,12,CSSp3,2.6,3.16,0.56,Men,Allen,2024,Free Skate
76,Nika EGADZE,2,4T,9.5,10.45,0.95,Men,Allen,2024,Free Skate
77,Nika EGADZE,3,4S+3T,13.9,16.12,2.22,Men,Allen,2024,Free Skate
78,Nika EGADZE,4,3A+2A+SEQ,11.3,12.1,0.8,Men,Allen,2024,Free Skate
79,Nika EGADZE,8,FCSp4,3.2,3.52,0.32,Men,Allen,2024,Free Skate
80,Nika EGADZE,9,CCoSp3,3.0,3.39,0.39,Men,Allen,2024,Free Skate
81,Nozomu YOSHIOKA,1,4T,9.5,8.55,-0.95,Men,Allen,2024,Free Skate
82,Nozomu YOSHIOKA,10,StSq2,2.6,2.86,0.26,Men,Allen,2024,Free Skate
83,Nozomu YOSHIOKA,11,CCSp3,2.8,2.92,0.12,Men,Allen,2024,Free Skate
84,Nozomu YOSHIOKA,12,CCoSp2V,1.88,1.96,0.08,Men,Allen,2024,Free Skate
85,Nozomu YOSHIOKA,2,2T,1.3,1.32,0.02,Men,Allen,2024,Free Skate
86,Nozomu YOSHIOKA,4,3A,8.0,9.37,1.37,Men,Allen,2024,Free Skate
87,Nozomu YOSHIOKA,5,FSSp3,2.6,2.75,0.15,Men,Allen,2024,Free Skate
88,Nozomu YOSHIOKA,9,ChSq1,3.0,3.14,0.14,Men,Allen,2024,Free Skate
89,Wesley CHIU,1,3S,4.3,4.55,0.25,Men,Allen,2024,Free Skate
90,Wesley CHIU,10,StSq3,3.3,3.63,0.33,Men,Allen,2024,Free Skate
91,Wesley CHIU,11,CCoSp4,3.5,3.7,0.2,Men,Allen,2024,Free Skate
92,Wesley CHIU,12,CCSp3,2.8,3.08,0.28,Men,Allen,2024,Free Skate
93,Wesley CHIU,2,4T+3T,13.7,14.92,1.22,Men,Allen,2024,Free Skate
94,Wesley CHIU,3,3F,5.3,6.06,0.76,Men,Allen,2024,Free Skate
95,Wesley CHIU,4,3A,8.0,9.26,1.26,Men,Allen,2024,Free Skate
96,Wesley CHIU,5,FSSp4,3.0,3.13,0.13,Men,Allen,2024,Free Skate
97,Wesley CHIU,6,ChSq1,3.0,3.43,0.43,Men,Allen,2024,Free Skate
0,Bradie TENNELL,1,3Lz,5.9,7.25,1.35,Women,Allen,2024,Free Skate
1,Bradie TENNELL,10,ChSq1,3.0,4.29,1.29,Women,Allen,2024,Free Skate
2,Bradie TENNELL,11,CCSp3,2.8,3.56,0.76,Women,Allen,2024,Free Skate
3,Bradie TENNELL,12,CCoSp3,3.0,3.86,0.86,Women,Allen,2024,Free Skate
4,Bradie TENNELL,2,3Lo+2A+SEQ,8.2,9.25,1.05,Women,Allen,2024,Free Skate
5,Bradie TENNELL,3,3F,5.3,6.66,1.36,Women,Allen,2024,Free Skate
6,Bradie TENNELL,4,3S,4.3,5.04,0.74,Women,Allen,2024,Free Skate
7,Bradie TENNELL,5,FCCoSp2V,1.88,2.02,0.14,Women,Allen,2024,Free Skate
8,Bradie TENNELL,6,StSq2,2.6,3.19,0.59,Women,Allen,2024,Free Skate
9,Elyce LIN-GRACEY,1,3Lz+3T,10.1,11.36,1.26,Women,Allen,2024,Free Skate
10,Elyce LIN-GRACEY,10,LSp4,2.7,3.55,0.85,Women,Allen,2024,Free Skate
11,Elyce LIN-GRACEY,11,ChSq1,3.0,4.36,1.36,Women,Allen,2024,Free Skate
12,Elyce LIN-GRACEY,12,CCoSp3,3.0,3.73,0.73,Women,Allen,2024,Free Skate
13,Elyce LIN-GRACEY,4,FCCoSp4,3.5,4.45,0.95,Women,Allen,2024,Free Skate
14,Elyce LIN-GRACEY,5,StSq3,3.3,3.96,0.66,Women,Allen,2024,Free Skate
15,Elyce LIN-GRACEY,6,2A,3.3,2.17,-1.13,Women,Allen,2024,Free Skate
16,Isabeau LEVITO,10,ChSq1,3.0,4.5,1.5,Women,Allen,2024,Free Skate
17,Isabeau LEVITO,11,StSq2,2.6,3.31,0.71,Women,Allen,2024,Free Skate
18,Isabeau LEVITO,12,FCSp4,3.2,4.16,0.96,Women,Allen,2024,Free Skate
19,Isabeau LEVITO,2,2A,3.3,4.05,0.75,Women,Allen,2024,Free Skate
20,Isabeau LEVITO,3,3Lo,4.9,5.95,1.05,Women,Allen,2024,Free Skate
21,Isabeau LEVITO,4,2A,3.3,4.01,0.71,Women,Allen,2024,Free Skate
22,Isabeau LEVITO,5,CCoSp4,3.5,4.7,1.2,Women,Allen,2024,Free Skate
23,Isabeau LEVITO,9,LSp4,2.7,3.39,0.69,Women,Allen,2024,Free Skate
24,Lea SERNA,10,FCSp4,3.2,3.61,0.41,Women,Allen,2024,Free Skate
25,Lea SERNA,11,StSq3,3.3,3.77,0.47,Women,Allen,2024,Free Skate
26,Lea SERNA,12,CCoSp4V,2.63,2.78,0.15,Women,Allen,2024,Free Skate
27,Lea SERNA,2,3S,4.3,5.04,0.74,Women,Allen,2024,Free Skate
28,Lea SERNA,3,3T,4.2,4.62,0.42,Women,Allen,2024,Free Skate
29,Lea SERNA,4,2A,3.3,3.82,0.52,Women,Allen,2024,Free Skate
30,Lea SERNA,5,FCCoSp4V,2.63,3.04,0.41,Women,Allen,2024,Free Skate
31,Lea SERNA,6,ChSq1,3.0,3.5,0.5,Women,Allen,2024,Free Skate
32,Livia KAISER,1,3Lz+2T,7.2,8.3,1.1,Women,Allen,2024,Free Skate
33,Livia KAISER,10,StSq4,3.9,4.35,0.45,Women,Allen,2024,Free Skate
34,Livia KAISER,11,CCoSp4,3.5,4.1,0.6,Women,Allen,2024,Free Skate
35,Livia KAISER,12,LSp4,2.7,3.09,0.39,Women,Allen,2024,Free Skate
36,Livia KAISER,2,3F,5.3,6.51,1.21,Women,Allen,2024,Free Skate
37,Livia KAISER,3,2S,1.3,1.36,0.06,Women,Allen,2024,Free Skate
38,Livia KAISER,4,2A,3.3,3.63,0.33,Women,Allen,2024,Free Skate
39,Livia KAISER,5,FCCoSp4,3.5,3.35,-0.15,Women,Allen,2024,Free Skate
40,Livia KAISER,6,ChSq1,3.0,3.5,0.5,Women,Allen,2024,Free Skate
41,Minchae KIM,1,3T,4.2,5.04,0.84,Women,Allen,2024,Free Skate
42,Minchae KIM,10,StSq2,2.6,2.82,0.22,Women,Allen,2024,Free Skate
43,Minchae KIM,11,ChSq1,3.0,3.86,0.86,Women,Allen,2024,Free Skate
44,Minchae KIM,12,LSp2,1.9,2.2,0.3,Women,Allen,2024,Free Skate
45,Minchae KIM,2,3F+2T,6.6,7.13,0.53,Women,Allen,2024,Free Skate
46,Minchae KIM,3,1S,0.4,0.38,-0.02,Women,Allen,2024,Free Skate
47,Minchae KIM,4,2A,3.3,3.91,0.61,Women,Allen,2024,Free Skate
48,Minchae KIM,5,FSSp4,3.0,3.56,0.56,Women,Allen,2024,Free Skate
49,Minchae KIM,9,CCoSp2,2.5,2.64,0.14,Women,Allen,2024,Free Skate
50,Nina PINZARRONE,10,CCoSp4,3.5,4.5,1.0,Women,Allen,2024,Free Skate
51,Nina PINZARRONE,11,ChSq1,3.0,4.36,1.36,Women,Allen,2024,Free Skate
52,Nina PINZARRONE,12,LSp4,2.7,3.7,1.0,Women,Allen,2024,Free Skate
53,Nina PINZARRONE,2,3F,5.3,6.06,0.76,Women,Allen,2024,Free Skate
54,Nina PINZARRONE,3,3Lo,4.9,5.88,0.98,Women,Allen,2024,Free Skate
55,Nina PINZARRONE,4,2A,3.3,3.77,0.47,Women,Allen,2024,Free Skate
56,Nina PINZARRONE,5,FCCoSp4,3.5,4.3,0.8,Women,Allen,2024,Free Skate
57,Nina PINZARRONE,8,StSq4,3.9,5.01,1.11,Women,Allen,2024,Free Skate
58,Olga MIKUTINA,1,3Lz+3T,10.1,11.11,1.01,Women,Allen,2024,Free Skate
59,Olga MIKUTINA,12,CCoSp2,2.5,2.96,0.46,Women,Allen,2024,Free Skate
60,Olga MIKUTINA,2,2F,1.8,1.98,0.18,Women,Allen,2024,Free Skate
61,Olga MIKUTINA,4,FCSp4,3.2,3.98,0.78,Women,Allen,2024,Free Skate
62,Olga MIKUTINA,5,ChSq1,3.0,3.86,0.86,Women,Allen,2024,Free Skate
63,Olga MIKUTINA,6,1A,1.1,1.19,0.09,Women,Allen,2024,Free Skate
64,Olga MIKUTINA,8,FCCoSp4,3.5,4.1,0.6,Women,Allen,2024,Free Skate
65,Olga MIKUTINA,9,StSq3,3.3,4.01,0.71,Women,Allen,2024,Free Skate
66,Rinka WATANABE,1,2A,3.3,4.24,0.94,Women,Allen,2024,Free Skate
67,Rinka WATANABE,10,StSq3,3.3,4.05,0.75,Women,Allen,2024,Free Skate
68,Rinka WATANABE,11,FSSp3,2.6,2.82,0.22,Women,Allen,2024,Free Skate
69,Rinka WATANABE,12,CCoSp3,3.0,3.47,0.47,Women,Allen,2024,Free Skate
70,Rinka WATANABE,3,3F,5.3,6.21,0.91,Women,Allen,2024,Free Skate
71,Rinka WATANABE,4,3Lz+2T,7.2,8.04,0.84,Women,Allen,2024,Free Skate
72,Rinka WATANABE,5,FCSp3,2.8,3.36,0.56,Women,Allen,2024,Free Skate
73,Rinka WATANABE,9,ChSq1,3.0,4.29,1.29,Women,Allen,2024,Free Skate
74,Sofja STEPCENKO,10,ChSq1,3.0,3.0,0.0,Women,Allen,2024,Free Skate
75,Sofja STEPCENKO,11,FCSp4,3.2,3.2,0.0,Women,Allen,2024,Free Skate
76,Sofja STEPCENKO,12,CCoSp4,3.5,3.65,0.15,Women,Allen,2024,Free Skate
77,Sofja STEPCENKO,2,3Lz+2T,7.2,7.79,0.59,Women,Allen,2024,Free Skate
78,Sofja STEPCENKO,4,StSq3,3.3,3.49,0.19,Women,Allen,2024,Free Skate
79,Sofja STEPCENKO,5,2A+2T,4.6,4.69,0.09,Women,Allen,2024,Free Skate
80,Sofja STEPCENKO,7,SSp3,2.1,2.4,0.3,Women,Allen,2024,Free Skate
81,Wakaba HIGUCHI,1,2A,3.3,4.29,0.99,Women,Allen,2024,Free Skate
82,Wakaba HIGUCHI,10,FCSp4,3.2,3.66,0.46,Women,Allen,2024,Free Skate
83,Wakaba HIGUCHI,11,StSq4,3.9,5.07,1.17,Women,Allen,2024,Free Skate
84,Wakaba HIGUCHI,12,SSp4,2.5,3.0,0.5,Women,Allen,2024,Free Skate
85,Wakaba HIGUCHI,2,3Lz+2T,7.2,8.3,1.1,Women,Allen,2024,Free Skate
86,Wakaba HIGUCHI,3,3Lo,4.9,6.09,1.19,Women,Allen,2024,Free Skate
87,Wakaba HIGUCHI,4,CCoSp4,3.5,4.05,0.55,Women,Allen,2024,Free Skate
88,Wakaba HIGUCHI,5,3S,4.3,4.98,0.68,Women,Allen,2024,Free Skate
89,Wakaba HIGUCHI,6,ChSq1,3.0,4.0,1.0,Women,Allen,2024,Free Skate
90,Yuna AOKI,1,3Lz+3Lo,10.8,11.81,1.01,Women,Allen,2024,Free Skate
91,Yuna AOKI,10,ChSq1,3.0,4.14,1.14,Women,Allen,2024,Free Skate
92,Yuna AOKI,11,StSq4,3.9,4.9,1.0,Women,Allen,2024,Free Skate
93,Yuna AOKI,12,LSp3,2.4,2.98,0.58,Women,Allen,2024,Free Skate
94,Yuna AOKI,2,3T,4.2,4.92,0.72,Women,Allen,2024,Free Skate
95,Yuna AOKI,3,2S,1.3,1.36,0.06,Women,Allen,2024,Free Skate
96,Yuna AOKI,4,2A,3.3,4.05,0.75,Women,Allen,2024,Free Skate
97,Yuna AOKI,5,CCoSp4,3.5,3.1,-0.4,Women,Allen,2024,Free Skate
98,Yuna AOKI,9,FCSp3,2.8,3.12,0.32,Women,Allen,2024,Free Skate
0,Aleksa RAKIC,1,4T,9.5,10.31,0.81,Men,Canada,2024,Free Skate
1,Aleksa RAKIC,10,CCSp3,2.8,3.2,0.4,Men,Canada,2024,Free Skate
2,Aleksa RAKIC,11,StSq4,3.9,4.62,0.72,Men,Canada,2024,Free Skate
3,Aleksa RAKIC,12,CCoSp4,3.5,4.2,0.7,Men,Canada,2024,Free Skate
4,Aleksa RAKIC,2,3A+2T,9.3,9.87,0.57,Men,Canada,2024,Free Skate
5,Aleksa RAKIC,3,3A,8.0,7.43,-0.57,Men,Canada,2024,Free Skate
6,Aleksa RAKIC,4,3Lo,4.9,5.39,0.49,Men,Canada,2024,Free Skate
7,Aleksa RAKIC,5,FSSp4,3.0,3.39,0.39,Men,Canada,2024,Free Skate
8,Aleksa RAKIC,6,ChSq1,3.0,3.79,0.79,Men,Canada,2024,Free Skate
9,Gabriele FRANGIPANI,1,4T,9.5,6.51,-2.99,Men,Canada,2024,Free Skate
10,Gabriele FRANGIPANI,10,CCSp4,3.2,3.38,0.18,Men,Canada,2024,Free Skate
11,Gabriele FRANGIPANI,11,ChSq1,3.0,4.29,1.29,Men,Canada,2024,Free Skate
12,Gabriele FRANGIPANI,12,CCoSp4,3.5,4.1,0.6,Men,Canada,2024,Free Skate
13,Gabriele FRANGIPANI,3,3A,8.0,8.11,0.11,Men,Canada,2024,Free Skate
14,Gabriele FRANGIPANI,4,FCCoSp4,3.5,3.9,0.4,Men,Canada,2024,Free Skate
15,Gabriele FRANGIPANI,5,StSq3,3.3,3.77,0.47,Men,Canada,2024,Free Skate
16,Gabriele FRANGIPANI,6,3A+3T,12.2,10.49,-1.71,Men,Canada,2024,Free Skate
17,Ilia MALININ,10,StSq4,3.9,5.29,1.39,Men,Canada,2024,Free Skate
18,Ilia MALININ,11,ChSq1,3.0,4.93,1.93,Men,Canada,2024,Free Skate
19,Ilia MALININ,12,FSSp4,3.0,3.43,0.43,Men,Canada,2024,Free Skate
20,Ilia MALININ,2,3A,8.0,10.4,2.4,Men,Canada,2024,Free Skate
21,Ilia MALININ,3,4Lz,11.5,15.28,3.78,Men,Canada,2024,Free Skate
22,Ilia MALININ,4,3Lo,4.9,3.08,-1.82,Men,Canada,2024,Free Skate
23,Ilia MALININ,5,CCoSp4,3.5,4.3,0.8,Men,Canada,2024,Free Skate
24,Ilia MALININ,9,CCSp4,3.2,3.84,0.64,Men,Canada,2024,Free Skate
25,Jason BROWN,10,ChSq1,3.0,4.36,1.36,Men,Canada,2024,Free Skate
26,Jason BROWN,12,CCSp4,3.2,4.34,1.14,Men,Canada,2024,Free Skate
27,Jason BROWN,3,3Lz,5.9,4.38,-1.52,Men,Canada,2024,Free Skate
28,Jason BROWN,4,3S,4.3,5.34,1.04,Men,Canada,2024,Free Skate
29,Jason BROWN,5,FCCoSp4,3.5,4.6,1.1,Men,Canada,2024,Free Skate
30,Jason BROWN,6,StSq4,3.9,5.46,1.56,Men,Canada,2024,Free Skate
31,Jason BROWN,9,CCoSp4,3.5,4.55,1.05,Men,Canada,2024,Free Skate
32,Junhwan CHA,1,4S,9.7,12.75,3.05,Men,Canada,2024,Free Skate
33,Junhwan CHA,10,ChSq1,3.0,4.71,1.71,Men,Canada,2024,Free Skate
34,Junhwan CHA,11,FCSp4,3.2,3.84,0.64,Men,Canada,2024,Free Skate
35,Junhwan CHA,12,FCCoSp4,3.5,3.55,0.05,Men,Canada,2024,Free Skate
36,Junhwan CHA,2,4T,9.5,11.81,2.31,Men,Canada,2024,Free Skate
37,Junhwan CHA,4,3A,8.0,9.26,1.26,Men,Canada,2024,Free Skate
38,Junhwan CHA,5,StSq4,3.9,5.18,1.28,Men,Canada,2024,Free Skate
39,Junhwan CHA,8,CCoSp4,3.5,4.45,0.95,Men,Canada,2024,Free Skate
40,Luc ECONOMIDES,1,3A,8.0,7.09,-0.91,Men,Canada,2024,Free Skate
41,Luc ECONOMIDES,10,CCSp4,3.2,3.66,0.46,Men,Canada,2024,Free Skate
42,Luc ECONOMIDES,11,StSq4,3.9,4.96,1.06,Men,Canada,2024,Free Skate
43,Luc ECONOMIDES,12,FSSp4,3.0,3.6,0.6,Men,Canada,2024,Free Skate
44,Luc ECONOMIDES,2,3Lz,5.9,7.0,1.1,Men,Canada,2024,Free Skate
45,Luc ECONOMIDES,3,3Lo,4.9,5.81,0.91,Men,Canada,2024,Free Skate
46,Luc ECONOMIDES,4,2A,3.3,3.72,0.42,Men,Canada,2024,Free Skate
47,Luc ECONOMIDES,5,ChSq1,3.0,3.86,0.86,Men,Canada,2024,Free Skate
48,Luc ECONOMIDES,6,CCoSp4,3.5,4.05,0.55,Men,Canada,2024,Free Skate
49,Mark GORODNITSKY,1,3A,8.0,5.6,-2.4,Men,Canada,2024,Free Skate
50,Mark GORODNITSKY,10,StSq2,2.6,2.93,0.33,Men,Canada,2024,Free Skate
51,Mark GORODNITSKY,11,CCoSp2,2.5,2.61,0.11,Men,Canada,2024,Free Skate
52,Mark GORODNITSKY,12,ChSq1,3.0,3.71,0.71,Men,Canada,2024,Free Skate
53,Mark GORODNITSKY,2,3A+2A+SEQ,11.3,12.56,1.26,Men,Canada,2024,Free Skate
54,Mark GORODNITSKY,3,3Lz,5.9,7.08,1.18,Men,Canada,2024,Free Skate
55,Mark GORODNITSKY,4,3F+3T,9.5,9.95,0.45,Men,Canada,2024,Free Skate
56,Mark GORODNITSKY,5,FCCoSp3,3.0,3.0,0.0,Men,Canada,2024,Free Skate
57,Mark GORODNITSKY,6,CSSp4,3.0,3.21,0.21,Men,Canada,2024,Free Skate
58,Shun SATO,10,StSq3,3.3,3.96,0.66,Men,Canada,2024,Free Skate
59,Shun SATO,11,ChSq1,3.0,3.57,0.57,Men,Canada,2024,Free Skate
60,Shun SATO,12,CCoSp4,3.5,4.05,0.55,Men,Canada,2024,Free Skate
61,Shun SATO,3,4T+3T,13.7,15.87,2.17,Men,Canada,2024,Free Skate
62,Shun SATO,4,FCSp3,2.8,3.24,0.44,Men,Canada,2024,Free Skate
63,Shun SATO,9,CSSp4,3.0,3.56,0.56,Men,Canada,2024,Free Skate
64,Sota YAMAMOTO,1,3Lo,4.9,6.16,1.26,Men,Canada,2024,Free Skate
65,Sota YAMAMOTO,10,StSq4,3.9,5.13,1.23,Men,Canada,2024,Free Skate
66,Sota YAMAMOTO,11,CSSp4,3.0,3.86,0.86,Men,Canada,2024,Free Skate
67,Sota YAMAMOTO,12,CCoSp3,3.0,3.43,0.43,Men,Canada,2024,Free Skate
68,Sota YAMAMOTO,3,4T+3T,13.7,14.51,0.81,Men,Canada,2024,Free Skate
69,Sota YAMAMOTO,4,3A+1Eu+3S,12.8,14.29,1.49,Men,Canada,2024,Free Skate
70,Sota YAMAMOTO,5,ChSq1,3.0,4.29,1.29,Men,Canada,2024,Free Skate
71,Sota YAMAMOTO,6,FCSp3,2.8,3.6,0.8,Men,Canada,2024,Free Skate
72,Stephen GOGOLEV,1,4S,9.7,8.87,-0.83,Men,Canada,2024,Free Skate
73,Stephen GOGOLEV,10,StSq3,3.3,3.72,0.42,Men,Canada,2024,Free Skate
74,Stephen GOGOLEV,11,FCSp4,3.2,3.7,0.5,Men,Canada,2024,Free Skate
75,Stephen GOGOLEV,12,FCCoSp3V,2.25,2.22,-0.03,Men,Canada,2024,Free Skate
76,Stephen GOGOLEV,3,3Lo,4.9,5.39,0.49,Men,Canada,2024,Free Skate
77,Stephen GOGOLEV,4,3A+1Eu+3S,12.8,13.49,0.69,Men,Canada,2024,Free Skate
78,Stephen GOGOLEV,5,CCoSp3,3.0,3.21,0.21,Men,Canada,2024,Free Skate
79,Stephen GOGOLEV,8,ChSq1,3.0,3.29,0.29,Men,Canada,2024,Free Skate
80,Vladimir LITVINTSEV,1,4S,9.7,11.5,1.8,Men,Canada,2024,Free Skate
81,Vladimir LITVINTSEV,10,CSSp4,3.0,3.6,0.6,Men,Canada,2024,Free Skate
82,Vladimir LITVINTSEV,11,StSq2,2.6,2.9,0.3,Men,Canada,2024,Free Skate
83,Vladimir LITVINTSEV,12,CCoSp2,2.5,2.11,-0.39,Men,Canada,2024,Free Skate
84,Vladimir LITVINTSEV,2,4T+3T,13.7,15.6,1.9,Men,Canada,2024,Free Skate
85,Vladimir LITVINTSEV,5,FCSp4,3.2,3.75,0.55,Men,Canada,2024,Free Skate
86,Vladimir LITVINTSEV,6,ChSq1,3.0,2.64,-0.36,Men,Canada,2024,Free Skate
0,Alysa LIU,10,FCSp3,2.8,3.32,0.52,Women,Canada,2024,Free Skate
1,Alysa LIU,11,ChSq1,3.0,3.79,0.79,Women,Canada,2024,Free Skate
2,Alysa LIU,12,LSp3,2.4,3.05,0.65,Women,Canada,2024,Free Skate
3,Alysa LIU,3,2A,3.3,4.01,0.71,Women,Canada,2024,Free Skate
4,Alysa LIU,4,CCoSp4,3.5,4.45,0.95,Women,Canada,2024,Free Skate
5,Alysa LIU,6,StSq3,3.3,3.91,0.61,Women,Canada,2024,Free Skate
6,Ekaterina KURAKOVA,10,FCCoSp2,2.5,2.79,0.29,Women,Canada,2024,Free Skate
7,Ekaterina KURAKOVA,11,StSq3,3.3,4.01,0.71,Women,Canada,2024,Free Skate
8,Ekaterina KURAKOVA,12,LSp4,2.7,3.12,0.42,Women,Canada,2024,Free Skate
9,Ekaterina KURAKOVA,2,3Lo,4.9,5.67,0.77,Women,Canada,2024,Free Skate
10,Ekaterina KURAKOVA,3,3T,4.2,4.08,-0.12,Women,Canada,2024,Free Skate
11,Ekaterina KURAKOVA,4,3S,4.3,4.91,0.61,Women,Canada,2024,Free Skate
12,Ekaterina KURAKOVA,5,CCoSp4V,2.63,2.85,0.22,Women,Canada,2024,Free Skate
13,Ekaterina KURAKOVA,6,ChSq1,3.0,3.5,0.5,Women,Canada,2024,Free Skate
14,Elyce LIN-GRACEY,10,LSp4,2.7,3.39,0.69,Women,Canada,2024,Free Skate
15,Elyce LIN-GRACEY,11,ChSq1,3.0,4.36,1.36,Women,Canada,2024,Free Skate
16,Elyce LIN-GRACEY,12,CCoSp4,3.5,4.0,0.5,Women,Canada,2024,Free Skate
17,Elyce LIN-GRACEY,3,3Lo,4.9,5.32,0.42,Women,Canada,2024,Free Skate
18,Elyce LIN-GRACEY,4,FCCoSp4,3.5,4.0,0.5,Women,Canada,2024,Free Skate
19,Elyce LIN-GRACEY,5,StSq2,2.6,3.08,0.48,Women,Canada,2024,Free Skate
20,Elyce LIN-GRACEY,6,2A,3.3,3.72,0.42,Women,Canada,2024,Free Skate
21,Hana YOSHIDA,10,CCoSp4,3.5,3.95,0.45,Women,Canada,2024,Free Skate
22,Hana YOSHIDA,11,StSq4,3.9,4.74,0.84,Women,Canada,2024,Free Skate
23,Hana YOSHIDA,12,SSp4,2.5,3.14,0.64,Women,Canada,2024,Free Skate
24,Hana YOSHIDA,3,2A+3T,7.5,8.52,1.02,Women,Canada,2024,Free Skate
25,Hana YOSHIDA,4,3Lo,4.9,5.25,0.35,Women,Canada,2024,Free Skate
26,Hana YOSHIDA,5,ChSq1,3.0,4.07,1.07,Women,Canada,2024,Free Skate
27,Hana YOSHIDA,6,FCCoSp4,3.5,4.1,0.6,Women,Canada,2024,Free Skate
28,Kaiya RUITER,10,CCoSp4,3.5,4.1,0.6,Women,Canada,2024,Free Skate
29,Kaiya RUITER,11,StSq2,2.6,3.01,0.41,Women,Canada,2024,Free Skate
30,Kaiya RUITER,12,LSp4,2.7,3.12,0.42,Women,Canada,2024,Free Skate
31,Kaiya RUITER,3,3S,4.3,4.67,0.37,Women,Canada,2024,Free Skate
32,Kaiya RUITER,4,FSSp4,3.0,3.39,0.39,Women,Canada,2024,Free Skate
33,Kaiya RUITER,5,ChSq1,3.0,3.57,0.57,Women,Canada,2024,Free Skate
34,Kaiya RUITER,6,2A,3.3,3.58,0.28,Women,Canada,2024,Free Skate
35,Kaori SAKAMOTO,1,2A,3.3,4.57,1.27,Women,Canada,2024,Free Skate
36,Kaori SAKAMOTO,12,FCCoSp4,3.5,4.3,0.8,Women,Canada,2024,Free Skate
37,Kaori SAKAMOTO,2,3Lz,5.9,7.0,1.1,Women,Canada,2024,Free Skate
38,Kaori SAKAMOTO,4,CCoSp4,3.5,4.1,0.6,Women,Canada,2024,Free Skate
39,Kaori SAKAMOTO,6,StSq3,3.3,4.1,0.8,Women,Canada,2024,Free Skate
40,Kaori SAKAMOTO,7,FSSp4,3.0,3.43,0.43,Women,Canada,2024,Free Skate
41,Kaori SAKAMOTO,9,ChSq1,3.0,4.14,1.14,Women,Canada,2024,Free Skate
42,Kimmy REPOND,1,3F+3T,9.5,10.56,1.06,Women,Canada,2024,Free Skate
43,Kimmy REPOND,10,LSp4,2.7,3.16,0.46,Women,Canada,2024,Free Skate
44,Kimmy REPOND,11,StSq4,3.9,4.51,0.61,Women,Canada,2024,Free Skate
45,Kimmy REPOND,12,CCoSp4,3.5,4.1,0.6,Women,Canada,2024,Free Skate
46,Kimmy REPOND,3,2A,3.3,3.72,0.42,Women,Canada,2024,Free Skate
47,Kimmy REPOND,4,3S,4.3,4.98,0.68,Women,Canada,2024,Free Skate
48,Kimmy REPOND,5,FCCoSp4,3.5,4.2,0.7,Women,Canada,2024,Free Skate
49,Kimmy REPOND,6,ChSq1,3.0,3.71,0.71,Women,Canada,2024,Free Skate
50,Madeline SCHIZAS,1,3Lz+3T,10.1,11.62,1.52,Women,Canada,2024,Free Skate
51,Madeline SCHIZAS,10,CCoSp3,3.0,3.09,0.09,Women,Canada,2024,Free Skate
52,Madeline SCHIZAS,11,StSq2,2.6,2.97,0.37,Women,Canada,2024,Free Skate
53,Madeline SCHIZAS,12,LSp4,2.7,3.28,0.58,Women,Canada,2024,Free Skate
54,Madeline SCHIZAS,2,3F,5.3,5.38,0.08,Women,Canada,2024,Free Skate
55,Madeline SCHIZAS,3,3Lo+2T,6.2,7.18,0.98,Women,Canada,2024,Free Skate
56,Madeline SCHIZAS,4,3S,4.3,3.07,-1.23,Women,Canada,2024,Free Skate
57,Madeline SCHIZAS,5,FCCoSp3,3.0,2.61,-0.39,Women,Canada,2024,Free Skate
58,Madeline SCHIZAS,9,ChSq1,3.0,3.64,0.64,Women,Canada,2024,Free Skate
59,Rino MATSUIKE,1,3Lo,4.9,6.23,1.33,Women,Canada,2024,Free Skate
60,Rino MATSUIKE,10,StSq4,3.9,5.07,1.17,Women,Canada,2024,Free Skate
61,Rino MATSUIKE,11,CCoSp4,3.5,4.8,1.3,Women,Canada,2024,Free Skate
62,Rino MATSUIKE,12,LSp4,2.7,3.59,0.89,Women,Canada,2024,Free Skate
63,Rino MATSUIKE,3,3F,5.3,6.74,1.44,Women,Canada,2024,Free Skate
64,Rino MATSUIKE,4,ChSq1,3.0,4.14,1.14,Women,Canada,2024,Free Skate
65,Rino MATSUIKE,5,2A,3.3,4.05,0.75,Women,Canada,2024,Free Skate
66,Rino MATSUIKE,6,FCCoSp4,3.5,4.25,0.75,Women,Canada,2024,Free Skate
67,Sara-Maude DUPUIS,10,FCSp4,3.2,3.47,0.27,Women,Canada,2024,Free Skate
68,Sara-Maude DUPUIS,11,StSq3,3.3,3.63,0.33,Women,Canada,2024,Free Skate
69,Sara-Maude DUPUIS,12,CCoSp4,3.5,3.8,0.3,Women,Canada,2024,Free Skate
70,Sara-Maude DUPUIS,2,2A+3T,7.5,8.34,0.84,Women,Canada,2024,Free Skate
71,Sara-Maude DUPUIS,5,FCCoSp4,3.5,4.0,0.5,Women,Canada,2024,Free Skate
72,Sara-Maude DUPUIS,9,ChSq1,3.0,3.29,0.29,Women,Canada,2024,Free Skate
73,Seoyeong WI,10,StSq3,3.3,3.49,0.19,Women,Canada,2024,Free Skate
74,Seoyeong WI,11,FCCoSp4,3.5,3.65,0.15,Women,Canada,2024,Free Skate
75,Seoyeong WI,12,CCoSp3,3.0,3.26,0.26,Women,Canada,2024,Free Skate
76,Seoyeong WI,5,FCSp4,3.2,3.15,-0.05,Women,Canada,2024,Free Skate
77,Seoyeong WI,6,ChSq1,3.0,3.43,0.43,Women,Canada,2024,Free Skate
78,Yelim KIM,1,1Lz,0.6,0.57,-0.03,Women,Canada,2024,Free Skate
79,Yelim KIM,10,SSp4,2.5,2.89,0.39,Women,Canada,2024,Free Skate
80,Yelim KIM,11,StSq3,3.3,3.58,0.28,Women,Canada,2024,Free Skate
81,Yelim KIM,12,CCoSp2V,1.88,2.02,0.14,Women,Canada,2024,Free Skate
82,Yelim KIM,2,3Lo,4.9,3.57,-1.33,Women,Canada,2024,Free Skate
83,Yelim KIM,5,FCSp4,3.2,3.57,0.37,Women,Canada,2024,Free Skate
84,Yelim KIM,9,ChSq1,3.0,3.29,0.29,Women,Canada,2024,Free Skate
0,Adam SIAO HIM FA,1,4Lz,11.5,13.14,1.64,Men,France,2024,Free Skate
1,Adam SIAO HIM FA,10,ChSq1,3.0,4.5,1.5,Men,France,2024,Free Skate
2,Adam SIAO HIM FA,11,CCoSp4,3.5,4.1,0.6,Men,France,2024,Free Skate
3,Adam SIAO HIM FA,12,CSSp3,2.6,3.34,0.74,Men,France,2024,Free Skate
4,Adam SIAO HIM FA,2,2T,1.3,1.26,-0.04,Men,France,2024,Free Skate
5,Adam SIAO HIM FA,3,3F,5.3,6.66,1.36,Men,France,2024,Free Skate
6,Adam SIAO HIM FA,4,3A+2A+SEQ,11.3,12.56,1.26,Men,France,2024,Free Skate
7,Adam SIAO HIM FA,5,FCCoSp4,3.5,4.05,0.55,Men,France,2024,Free Skate
8,Adam SIAO HIM FA,8,StSq3,3.3,3.58,0.28,Men,France,2024,Free Skate
9,Aleksandr SELEVKO,10,CCSp4,3.2,3.98,0.78,Men,France,2024,Free Skate
10,Aleksandr SELEVKO,11,StSq3,3.3,4.34,1.04,Men,France,2024,Free Skate
11,Aleksandr SELEVKO,12,CCoSp2,2.5,2.86,0.36,Men,France,2024,Free Skate
12,Aleksandr SELEVKO,2,3Lz,5.9,6.57,0.67,Men,France,2024,Free Skate
13,Aleksandr SELEVKO,3,3Lo,4.9,5.74,0.84,Men,France,2024,Free Skate
14,Aleksandr SELEVKO,4,3A+2T,9.3,8.16,-1.14,Men,France,2024,Free Skate
15,Aleksandr SELEVKO,5,FSSp3,2.6,2.97,0.37,Men,France,2024,Free Skate
16,Aleksandr SELEVKO,6,ChSq1,3.0,4.36,1.36,Men,France,2024,Free Skate
17,Andrew TORGASHEV,1,4T,9.5,10.45,0.95,Men,France,2024,Free Skate
18,Andrew TORGASHEV,10,FSSp,0.0,0.0,0.0,Men,France,2024,Free Skate
19,Andrew TORGASHEV,11,ChSq1,3.0,4.29,1.29,Men,France,2024,Free Skate
20,Andrew TORGASHEV,12,CCoSp2V,1.88,2.1,0.22,Men,France,2024,Free Skate
21,Andrew TORGASHEV,2,3F,5.3,6.44,1.14,Men,France,2024,Free Skate
22,Andrew TORGASHEV,3,3Lo,4.9,5.6,0.7,Men,France,2024,Free Skate
23,Andrew TORGASHEV,4,3A,8.0,6.29,-1.71,Men,France,2024,Free Skate
24,Andrew TORGASHEV,5,StSq3,3.3,3.77,0.47,Men,France,2024,Free Skate
25,Andrew TORGASHEV,6,CCSp3,2.8,3.28,0.48,Men,France,2024,Free Skate
26,Boyang JIN,10,ChSq1,3.0,3.43,0.43,Men,France,2024,Free Skate
27,Boyang JIN,11,StSq2,2.6,2.79,0.19,Men,France,2024,Free Skate
28,Boyang JIN,12,CSSp4,3.0,3.51,0.51,Men,France,2024,Free Skate
29,Boyang JIN,4,1A,1.1,1.04,-0.06,Men,France,2024,Free Skate
30,Boyang JIN,5,CCoSp4,3.5,3.9,0.4,Men,France,2024,Free Skate
31,Boyang JIN,9,FCSp4,3.2,3.57,0.37,Men,France,2024,Free Skate
32,Camden PULKINEN,1,2T,1.3,1.3,0.0,Men,France,2024,Free Skate
33,Camden PULKINEN,10,CSSp1,1.9,1.93,0.03,Men,France,2024,Free Skate
34,Camden PULKINEN,11,ChSq1,3.0,2.29,-0.71,Men,France,2024,Free Skate
35,Camden PULKINEN,12,CCoSp4,3.5,3.95,0.45,Men,France,2024,Free Skate
36,Camden PULKINEN,2,3Lz+3T,10.1,11.53,1.43,Men,France,2024,Free Skate
37,Camden PULKINEN,3,3A+1Eu+3S,12.8,13.6,0.8,Men,France,2024,Free Skate
38,Camden PULKINEN,4,3Lo,4.9,4.06,-0.84,Men,France,2024,Free Skate
39,Camden PULKINEN,5,FCSp3,2.8,2.56,-0.24,Men,France,2024,Free Skate
40,Camden PULKINEN,6,StSq3,3.3,3.58,0.28,Men,France,2024,Free Skate
41,Francois PITOT,1,4S,9.7,9.01,-0.69,Men,France,2024,Free Skate
42,Francois PITOT,10,StSq2,2.6,2.86,0.26,Men,France,2024,Free Skate
43,Francois PITOT,12,CSSp4,3.0,2.83,-0.17,Men,France,2024,Free Skate
44,Francois PITOT,4,FCSp4,3.2,3.7,0.5,Men,France,2024,Free Skate
45,Francois PITOT,5,CCoSp4,3.5,4.0,0.5,Men,France,2024,Free Skate
46,Francois PITOT,6,ChSq1,3.0,3.21,0.21,Men,France,2024,Free Skate
47,Kazuki TOMONO,10,StSq4,3.9,5.18,1.28,Men,France,2024,Free Skate
48,Kazuki TOMONO,11,CSSp4,3.0,3.6,0.6,Men,France,2024,Free Skate
49,Kazuki TOMONO,12,CCoSp2,2.5,2.96,0.46,Men,France,2024,Free Skate
50,Kazuki TOMONO,2,3T+2T,5.5,6.22,0.72,Men,France,2024,Free Skate
51,Kazuki TOMONO,4,3Lo,4.9,4.55,-0.35,Men,France,2024,Free Skate
52,Kazuki TOMONO,5,FCSp4,3.2,3.66,0.46,Men,France,2024,Free Skate
53,Kazuki TOMONO,6,ChSq1,3.0,3.86,0.86,Men,France,2024,Free Skate
54,Koshiro SHIMADA,1,3Lz,5.9,7.5,1.6,Men,France,2024,Free Skate
55,Koshiro SHIMADA,10,CSSp4,3.0,3.6,0.6,Men,France,2024,Free Skate
56,Koshiro SHIMADA,11,ChSq1,3.0,4.21,1.21,Men,France,2024,Free Skate
57,Koshiro SHIMADA,12,FCSp4,3.2,3.61,0.41,Men,France,2024,Free Skate
58,Koshiro SHIMADA,2,4T,9.5,11.13,1.63,Men,France,2024,Free Skate
59,Koshiro SHIMADA,3,3A,8.0,5.26,-2.74,Men,France,2024,Free Skate
60,Koshiro SHIMADA,5,CCoSp4,3.5,4.05,0.55,Men,France,2024,Free Skate
61,Koshiro SHIMADA,6,StSq3,3.3,3.87,0.57,Men,France,2024,Free Skate
62,Luc ECONOMIDES,1,3T,4.2,4.32,0.12,Men,France,2024,Free Skate
63,Luc ECONOMIDES,10,CCSp3,2.8,3.0,0.2,Men,France,2024,Free Skate
64,Luc ECONOMIDES,11,StSq3,3.3,4.15,0.85,Men,France,2024,Free Skate
65,Luc ECONOMIDES,12,FSSp4,3.0,3.3,0.3,Men,France,2024,Free Skate
66,Luc ECONOMIDES,2,3A,8.0,4.69,-3.31,Men,France,2024,Free Skate
67,Luc ECONOMIDES,4,3Lo,4.9,4.97,0.07,Men,France,2024,Free Skate
68,Luc ECONOMIDES,5,ChSq1,3.0,3.79,0.79,Men,France,2024,Free Skate
69,Luc ECONOMIDES,6,CCoSp4,3.5,4.2,0.7,Men,France,2024,Free Skate
70,Lukas BRITSCHGI,1,4T+3T,13.7,14.65,0.95,Men,France,2024,Free Skate
71,Lukas BRITSCHGI,10,StSq4,3.9,4.68,0.78,Men,France,2024,Free Skate
72,Lukas BRITSCHGI,11,FCCoSp3,3.0,3.73,0.73,Men,France,2024,Free Skate
73,Lukas BRITSCHGI,3,3A+2A+1T+SEQ,11.7,11.7,0.0,Men,France,2024,Free Skate
74,Lukas BRITSCHGI,5,CCoSp2V,1.88,1.85,-0.03,Men,France,2024,Free Skate
75,Lukas BRITSCHGI,6,CSSp4,3.0,3.73,0.73,Men,France,2024,Free Skate
76,Mikhail SHAIDOROV,10,StSq2,2.6,3.01,0.41,Men,France,2024,Free Skate
77,Mikhail SHAIDOROV,11,ChSq1,3.0,3.64,0.64,Men,France,2024,Free Skate
78,Mikhail SHAIDOROV,12,CCoSp4,3.5,3.85,0.35,Men,France,2024,Free Skate
79,Mikhail SHAIDOROV,2,3A+4T,17.5,18.72,1.22,Men,France,2024,Free Skate
80,Mikhail SHAIDOROV,4,3Lo,4.9,5.46,0.56,Men,France,2024,Free Skate
81,Mikhail SHAIDOROV,5,FCSp3,2.8,3.0,0.2,Men,France,2024,Free Skate
82,Mikhail SHAIDOROV,6,CSSp3,2.6,2.67,0.07,Men,France,2024,Free Skate
83,Nikolaj MEMOLA,10,StSq3,3.3,3.87,0.57,Men,France,2024,Free Skate
84,Nikolaj MEMOLA,11,ChSq1,3.0,3.86,0.86,Men,France,2024,Free Skate
85,Nikolaj MEMOLA,12,CCoSp2,2.5,2.89,0.39,Men,France,2024,Free Skate
86,Nikolaj MEMOLA,2,3A+1Eu+3S,12.8,13.37,0.57,Men,France,2024,Free Skate
87,Nikolaj MEMOLA,3,3A,8.0,9.94,1.94,Men,France,2024,Free Skate
88,Nikolaj MEMOLA,4,3Lo,4.9,5.74,0.84,Men,France,2024,Free Skate
89,Nikolaj MEMOLA,5,CCSp3,2.8,3.16,0.36,Men,France,2024,Free Skate
90,Nikolaj MEMOLA,6,FSSp3,2.6,2.67,0.07,Men,France,2024,Free Skate
0,Amber GLENN,1,3A,8.0,5.14,-2.86,Women,France,2024,Free Skate
1,Amber GLENN,10,StSq3,3.3,3.91,0.61,Women,France,2024,Free Skate
2,Amber GLENN,11,ChSq1,3.0,4.29,1.29,Women,France,2024,Free Skate
3,Amber GLENN,12,LSp4,2.7,3.39,0.69,Women,France,2024,Free Skate
4,Amber GLENN,2,3F+3T,9.5,11.17,1.67,Women,France,2024,Free Skate
5,Amber GLENN,3,3Lz+2T,7.2,7.87,0.67,Women,France,2024,Free Skate
6,Amber GLENN,4,3S,4.3,5.34,1.04,Women,France,2024,Free Skate
7,Amber GLENN,5,FSSp4,3.0,3.56,0.56,Women,France,2024,Free Skate
8,Amber GLENN,8,CCoSp3,3.0,3.64,0.64,Women,France,2024,Free Skate
9,Anastasiia GUBANOVA,1,3F+3T,9.5,9.73,0.23,Women,France,2024,Free Skate
10,Anastasiia GUBANOVA,10,StSq2,2.6,2.97,0.37,Women,France,2024,Free Skate
11,Anastasiia GUBANOVA,11,CCoSp4,3.5,3.75,0.25,Women,France,2024,Free Skate
12,Anastasiia GUBANOVA,12,SSp4,2.5,2.93,0.43,Women,France,2024,Free Skate
13,Anastasiia GUBANOVA,2,3Lo,4.9,5.67,0.77,Women,France,2024,Free Skate
14,Anastasiia GUBANOVA,3,3Lz,5.9,6.83,0.93,Women,France,2024,Free Skate
15,Anastasiia GUBANOVA,5,FCSp4,3.2,3.84,0.64,Women,France,2024,Free Skate
16,Anastasiia GUBANOVA,6,ChSq1,3.0,3.14,0.14,Women,France,2024,Free Skate
17,Chaeyeon KIM,1,2A,3.3,4.15,0.85,Women,France,2024,Free Skate
18,Chaeyeon KIM,10,ChSq1,3.0,4.21,1.21,Women,France,2024,Free Skate
19,Chaeyeon KIM,11,FCSp4,3.2,3.93,0.73,Women,France,2024,Free Skate
20,Chaeyeon KIM,12,CCoSp4,3.5,4.65,1.15,Women,France,2024,Free Skate
21,Chaeyeon KIM,3,3F+2T+2Lo,8.3,9.06,0.76,Women,France,2024,Free Skate
22,Chaeyeon KIM,4,3S,4.3,5.16,0.86,Women,France,2024,Free Skate
23,Chaeyeon KIM,5,FCCoSp4,3.5,4.6,1.1,Women,France,2024,Free Skate
24,Chaeyeon KIM,9,StSq3,3.3,4.34,1.04,Women,France,2024,Free Skate
25,Clemence MAYINDU,1,3F+2T,6.6,6.22,-0.38,Women,France,2024,Free Skate
26,Clemence MAYINDU,11,LSp2,1.9,1.71,-0.19,Women,France,2024,Free Skate
27,Clemence MAYINDU,12,StSq2,2.6,2.23,-0.37,Women,France,2024,Free Skate
28,Clemence MAYINDU,2,3T,4.2,2.76,-1.44,Women,France,2024,Free Skate
29,Clemence MAYINDU,4,3S+1A+SEQ,5.4,4.11,-1.29,Women,France,2024,Free Skate
30,Clemence MAYINDU,5,FCSp2,2.3,2.23,-0.07,Women,France,2024,Free Skate
31,Clemence MAYINDU,6,ChSq1,3.0,2.86,-0.14,Women,France,2024,Free Skate
32,Clemence MAYINDU,8,CCoSp3,3.0,2.91,-0.09,Women,France,2024,Free Skate
33,Lea SERNA,10,FCSp4,3.2,3.52,0.32,Women,France,2024,Free Skate
34,Lea SERNA,11,StSq3,3.3,3.87,0.57,Women,France,2024,Free Skate
35,Lea SERNA,12,CoSp,0.0,0.0,0.0,Women,France,2024,Free Skate
36,Lea SERNA,2,3S,4.3,4.73,0.43,Women,France,2024,Free Skate
37,Lea SERNA,3,3T,4.2,4.62,0.42,Women,France,2024,Free Skate
38,Lea SERNA,4,2A,3.3,3.82,0.52,Women,France,2024,Free Skate
39,Lea SERNA,5,FCCoSp4,3.5,4.05,0.55,Women,France,2024,Free Skate
40,Lea SERNA,6,ChSq1,3.0,3.71,0.71,Women,France,2024,Free Skate
41,Livia KAISER,1,3Lz+3T,10.1,11.2,1.1,Women,France,2024,Free Skate
42,Livia KAISER,10,StSq2,2.6,2.71,0.11,Women,France,2024,Free Skate
43,Livia KAISER,11,CoSp1V,1.28,0.84,-0.44,Women,France,2024,Free Skate
44,Livia KAISER,12,LSp3,2.4,2.67,0.27,Women,France,2024,Free Skate
45,Livia KAISER,2,3F,5.3,3.33,-1.97,Women,France,2024,Free Skate
46,Livia KAISER,3,3S,4.3,4.91,0.61,Women,France,2024,Free Skate
47,Livia KAISER,4,2A,3.3,3.72,0.42,Women,France,2024,Free Skate
48,Livia KAISER,5,FCCoSp,0.0,0.0,0.0,Women,France,2024,Free Skate
49,Livia KAISER,6,ChSq1,3.0,3.21,0.21,Women,France,2024,Free Skate
50,Lorine SCHILD,1,3Lz,5.9,5.23,-0.67,Women,France,2024,Free Skate
51,Lorine SCHILD,11,CCoSp4,3.5,3.85,0.35,Women,France,2024,Free Skate
52,Lorine SCHILD,12,LSp3,2.4,2.71,0.31,Women,France,2024,Free Skate
53,Lorine SCHILD,4,FCCoSp4,3.5,3.8,0.3,Women,France,2024,Free Skate
54,Lorine SCHILD,5,2A,3.3,3.63,0.33,Women,France,2024,Free Skate
55,Lorine SCHILD,7,StSq2,2.6,2.79,0.19,Women,France,2024,Free Skate
56,Lorine SCHILD,9,ChSq1,3.0,3.64,0.64,Women,France,2024,Free Skate
57,Mai MIHARA,1,3Lz+2T+2Lo,8.9,10.0,1.1,Women,France,2024,Free Skate
58,Mai MIHARA,10,StSq3,3.3,3.96,0.66,Women,France,2024,Free Skate
59,Mai MIHARA,12,FCCoSp4,3.5,4.2,0.7,Women,France,2024,Free Skate
60,Mai MIHARA,3,3S,4.3,5.1,0.8,Women,France,2024,Free Skate
61,Mai MIHARA,4,2A,3.3,3.91,0.61,Women,France,2024,Free Skate
62,Mai MIHARA,5,CCoSp4,3.5,4.3,0.8,Women,France,2024,Free Skate
63,Mai MIHARA,6,ChSq1,3.0,3.86,0.86,Women,France,2024,Free Skate
64,Mai MIHARA,7,FSSp4,3.0,3.47,0.47,Women,France,2024,Free Skate
65,Nina PINZARRONE,10,CCoSp4,3.5,4.75,1.25,Women,France,2024,Free Skate
66,Nina PINZARRONE,11,ChSq1,3.0,4.43,1.43,Women,France,2024,Free Skate
67,Nina PINZARRONE,12,LSp4,2.7,3.78,1.08,Women,France,2024,Free Skate
68,Nina PINZARRONE,2,3F,5.3,5.83,0.53,Women,France,2024,Free Skate
69,Nina PINZARRONE,3,3Lo,4.9,4.97,0.07,Women,France,2024,Free Skate
70,Nina PINZARRONE,4,2A,3.3,3.68,0.38,Women,France,2024,Free Skate
71,Nina PINZARRONE,5,FCCoSp3V,2.25,2.77,0.52,Women,France,2024,Free Skate
72,Nina PINZARRONE,8,StSq4,3.9,4.96,1.06,Women,France,2024,Free Skate
73,Rion SUMIYOSHI,1,2A+3T,7.5,8.88,1.38,Women,France,2024,Free Skate
74,Rion SUMIYOSHI,11,StSq4,3.9,5.18,1.28,Women,France,2024,Free Skate
75,Rion SUMIYOSHI,12,LSp4,2.7,3.51,0.81,Women,France,2024,Free Skate
76,Rion SUMIYOSHI,3,CCoSp4,3.5,4.35,0.85,Women,France,2024,Free Skate
77,Rion SUMIYOSHI,4,3Lo,4.9,5.74,0.84,Women,France,2024,Free Skate
78,Rion SUMIYOSHI,5,3S,4.3,5.53,1.23,Women,France,2024,Free Skate
79,Rion SUMIYOSHI,6,ChSq1,3.0,4.43,1.43,Women,France,2024,Free Skate
80,Rion SUMIYOSHI,9,FCCoSp4,3.5,4.4,0.9,Women,France,2024,Free Skate
81,Sarah EVERHARDT,1,3Lz,5.9,6.83,0.93,Women,France,2024,Free Skate
82,Sarah EVERHARDT,10,FSSp4,3.0,3.56,0.56,Women,France,2024,Free Skate
83,Sarah EVERHARDT,11,ChSq1,3.0,3.79,0.79,Women,France,2024,Free Skate
84,Sarah EVERHARDT,12,FCCoSp3,3.0,3.56,0.56,Women,France,2024,Free Skate
85,Sarah EVERHARDT,2,2A+3T,7.5,8.4,0.9,Women,France,2024,Free Skate
86,Sarah EVERHARDT,4,3Lo+2A+SEQ,8.2,8.97,0.77,Women,France,2024,Free Skate
87,Sarah EVERHARDT,5,CCoSp4,3.5,4.25,0.75,Women,France,2024,Free Skate
88,Sarah EVERHARDT,6,StSq3,3.3,3.96,0.66,Women,France,2024,Free Skate
89,Wakaba HIGUCHI,1,2A,3.3,4.29,0.99,Women,France,2024,Free Skate
90,Wakaba HIGUCHI,10,FCSp4,3.2,3.79,0.59,Women,France,2024,Free Skate
91,Wakaba HIGUCHI,11,StSq3,3.3,4.57,1.27,Women,France,2024,Free Skate
92,Wakaba HIGUCHI,12,SSp4,2.5,3.11,0.61,Women,France,2024,Free Skate
93,Wakaba HIGUCHI,3,3Lo,4.9,5.95,1.05,Women,France,2024,Free Skate
94,Wakaba HIGUCHI,4,CCoSp4,3.5,4.45,0.95,Women,France,2024,Free Skate
95,Wakaba HIGUCHI,6,ChSq1,3.0,4.14,1.14,Women,France,2024,Free Skate
0,Andrew TORGASHEV,10,FSSp3,2.6,2.97,0.37,Men,Japan,2024,Free Skate
1,Andrew TORGASHEV,11,ChSq1,3.0,4.43,1.43,Men,Japan,2024,Free Skate
2,Andrew TORGASHEV,12,CCoSp4,3.5,4.35,0.85,Men,Japan,2024,Free Skate
3,Andrew TORGASHEV,2,3F,5.3,6.74,1.44,Men,Japan,2024,Free Skate
4,Andrew TORGASHEV,3,3Lo,4.9,6.23,1.33,Men,Japan,2024,Free Skate
5,Andrew TORGASHEV,5,StSq4,3.9,4.68,0.78,Men,Japan,2024,Free Skate
6,Andrew TORGASHEV,6,CCSp3,2.8,3.44,0.64,Men,Japan,2024,Free Skate
7,Daniel GRASSL,1,4Lz,11.5,12.98,1.48,Men,Japan,2024,Free Skate
8,Daniel GRASSL,10,StSq4,3.9,4.74,0.84,Men,Japan,2024,Free Skate
9,Daniel GRASSL,11,CCoSp4,3.5,4.4,0.9,Men,Japan,2024,Free Skate
10,Daniel GRASSL,12,CSSp3,2.6,3.08,0.48,Men,Japan,2024,Free Skate
11,Daniel GRASSL,2,4Lo,10.5,13.05,2.55,Men,Japan,2024,Free Skate
12,Daniel GRASSL,3,4S,9.7,10.81,1.11,Men,Japan,2024,Free Skate
13,Daniel GRASSL,4,3A+3T,12.2,13.11,0.91,Men,Japan,2024,Free Skate
14,Daniel GRASSL,5,ChSq1,3.0,3.86,0.86,Men,Japan,2024,Free Skate
15,Daniel GRASSL,8,FCCoSp3,3.0,3.39,0.39,Men,Japan,2024,Free Skate
16,Gabriele FRANGIPANI,10,CCSp4,3.2,3.43,0.23,Men,Japan,2024,Free Skate
17,Gabriele FRANGIPANI,11,ChSq1,3.0,4.36,1.36,Men,Japan,2024,Free Skate
18,Gabriele FRANGIPANI,12,CCoSp4,3.5,2.9,-0.6,Men,Japan,2024,Free Skate
19,Gabriele FRANGIPANI,2,4S,9.7,7.34,-2.36,Men,Japan,2024,Free Skate
20,Gabriele FRANGIPANI,3,3A,8.0,5.26,-2.74,Men,Japan,2024,Free Skate
21,Gabriele FRANGIPANI,4,FCCoSp3,3.0,3.3,0.3,Men,Japan,2024,Free Skate
22,Gabriele FRANGIPANI,5,StSq3,3.3,3.96,0.66,Men,Japan,2024,Free Skate
23,Gabriele FRANGIPANI,6,3A+2T,9.3,7.93,-1.37,Men,Japan,2024,Free Skate
24,Jason BROWN,1,2A,3.3,3.44,0.14,Men,Japan,2024,Free Skate
25,Jason BROWN,10,ChSq1,3.0,5.21,2.21,Men,Japan,2024,Free Skate
26,Jason BROWN,12,CCSp4,3.2,4.3,1.1,Men,Japan,2024,Free Skate
27,Jason BROWN,2,1A,1.1,1.07,-0.03,Men,Japan,2024,Free Skate
28,Jason BROWN,3,3Lz,5.9,7.92,2.02,Men,Japan,2024,Free Skate
29,Jason BROWN,4,3S,4.3,5.34,1.04,Men,Japan,2024,Free Skate
30,Jason BROWN,5,FCCoSp4,3.5,4.9,1.4,Men,Japan,2024,Free Skate
31,Jason BROWN,6,StSq4,3.9,5.52,1.62,Men,Japan,2024,Free Skate
32,Jason BROWN,9,CCoSp4,3.5,4.6,1.1,Men,Japan,2024,Free Skate
33,Juheon LIM,1,3A,8.0,8.69,0.69,Men,Japan,2024,Free Skate
34,Juheon LIM,10,CCoSp4,3.5,3.7,0.2,Men,Japan,2024,Free Skate
35,Juheon LIM,11,ChSq1,3.0,3.86,0.86,Men,Japan,2024,Free Skate
36,Juheon LIM,12,CSSp4,3.0,3.43,0.43,Men,Japan,2024,Free Skate
37,Juheon LIM,3,3Lz+2T,7.2,7.2,0.0,Men,Japan,2024,Free Skate
38,Juheon LIM,5,FCCoSp4,3.5,3.85,0.35,Men,Japan,2024,Free Skate
39,Juheon LIM,6,StSq3,3.3,3.63,0.33,Men,Japan,2024,Free Skate
40,Kao MIURA,1,3A,8.0,6.63,-1.37,Men,Japan,2024,Free Skate
41,Kao MIURA,11,CSSp3,2.6,2.97,0.37,Men,Japan,2024,Free Skate
42,Kao MIURA,12,CCoSp4,3.5,4.1,0.6,Men,Japan,2024,Free Skate
43,Kao MIURA,2,3S,4.3,5.28,0.98,Men,Japan,2024,Free Skate
44,Kao MIURA,4,FCSp4,3.2,3.79,0.59,Men,Japan,2024,Free Skate
45,Kao MIURA,5,2A,3.3,3.3,0.0,Men,Japan,2024,Free Skate
46,Kao MIURA,6,StSq3,3.3,4.15,0.85,Men,Japan,2024,Free Skate
47,Kao MIURA,9,ChSq1,3.0,3.5,0.5,Men,Japan,2024,Free Skate
48,Mark GORODNITSKY,1,3A,8.0,10.06,2.06,Men,Japan,2024,Free Skate
49,Mark GORODNITSKY,10,StSq3,3.3,3.68,0.38,Men,Japan,2024,Free Skate
50,Mark GORODNITSKY,11,CCoSp3,3.0,3.34,0.34,Men,Japan,2024,Free Skate
51,Mark GORODNITSKY,12,ChSq1,3.0,3.64,0.64,Men,Japan,2024,Free Skate
52,Mark GORODNITSKY,2,2A+3A+SEQ,11.3,7.76,-3.54,Men,Japan,2024,Free Skate
53,Mark GORODNITSKY,3,3Lz,5.9,6.74,0.84,Men,Japan,2024,Free Skate
54,Mark GORODNITSKY,4,3F+3T,9.5,9.88,0.38,Men,Japan,2024,Free Skate
55,Mark GORODNITSKY,5,FCCoSp3,3.0,3.21,0.21,Men,Japan,2024,Free Skate
56,Mark GORODNITSKY,6,CSSp3,2.6,2.79,0.19,Men,Japan,2024,Free Skate
57,Matteo RIZZO,10,StSq4,3.9,5.01,1.11,Men,Japan,2024,Free Skate
58,Matteo RIZZO,11,CCSp3,2.8,3.16,0.36,Men,Japan,2024,Free Skate
59,Matteo RIZZO,12,FSSp4,3.0,3.47,0.47,Men,Japan,2024,Free Skate
60,Matteo RIZZO,2,3A+2A+SEQ,11.3,13.13,1.83,Men,Japan,2024,Free Skate
61,Matteo RIZZO,3,3F+1Eu+3S,10.1,11.54,1.44,Men,Japan,2024,Free Skate
62,Matteo RIZZO,5,CCoSp4,3.5,4.4,0.9,Men,Japan,2024,Free Skate
63,Matteo RIZZO,9,ChSq1,3.0,4.29,1.29,Men,Japan,2024,Free Skate
64,Tatsuya TSUBOI,1,4S+3T,13.9,16.39,2.49,Men,Japan,2024,Free Skate
65,Tatsuya TSUBOI,10,ChSq1,3.0,4.0,1.0,Men,Japan,2024,Free Skate
66,Tatsuya TSUBOI,12,FCCoSp4,3.5,4.0,0.5,Men,Japan,2024,Free Skate
67,Tatsuya TSUBOI,2,4S,9.7,12.61,2.91,Men,Japan,2024,Free Skate
68,Tatsuya TSUBOI,4,FSSp3,2.6,2.97,0.37,Men,Japan,2024,Free Skate
69,Tatsuya TSUBOI,5,StSq3,3.3,3.68,0.38,Men,Japan,2024,Free Skate
70,Tatsuya TSUBOI,6,3A+1Eu+3S,12.8,14.74,1.94,Men,Japan,2024,Free Skate
71,Tatsuya TSUBOI,9,CCoSp4,3.5,4.0,0.5,Men,Japan,2024,Free Skate
72,Tomoki HIWATASHI,10,FSSp4,3.0,3.13,0.13,Men,Japan,2024,Free Skate
73,Tomoki HIWATASHI,11,StSq3,3.3,3.96,0.66,Men,Japan,2024,Free Skate
74,Tomoki HIWATASHI,12,CCoSp3V,2.25,2.57,0.32,Men,Japan,2024,Free Skate
75,Tomoki HIWATASHI,2,3Lz,5.9,6.83,0.93,Men,Japan,2024,Free Skate
76,Tomoki HIWATASHI,3,3A,8.0,9.03,1.03,Men,Japan,2024,Free Skate
77,Tomoki HIWATASHI,4,3S,4.3,5.16,0.86,Men,Japan,2024,Free Skate
78,Tomoki HIWATASHI,5,FCCoSp4,3.5,3.7,0.2,Men,Japan,2024,Free Skate
79,Tomoki HIWATASHI,6,ChSq1,3.0,3.43,0.43,Men,Japan,2024,Free Skate
80,Vladimir LITVINTSEV,10,CSSp4,3.0,3.73,0.73,Men,Japan,2024,Free Skate
81,Vladimir LITVINTSEV,11,StSq2,2.6,2.75,0.15,Men,Japan,2024,Free Skate
82,Vladimir LITVINTSEV,12,CCoSp1V,1.5,1.59,0.09,Men,Japan,2024,Free Skate
83,Vladimir LITVINTSEV,2,4T,9.5,8.14,-1.36,Men,Japan,2024,Free Skate
84,Vladimir LITVINTSEV,4,3Lo,4.9,5.46,0.56,Men,Japan,2024,Free Skate
85,Vladimir LITVINTSEV,5,FCSp4,3.2,3.57,0.37,Men,Japan,2024,Free Skate
86,Vladimir LITVINTSEV,6,ChSq1,3.0,2.43,-0.57,Men,Japan,2024,Free Skate
87,Yuma KAGIYAMA,10,ChSq1,3.0,4.71,1.71,Men,Japan,2024,Free Skate
88,Yuma KAGIYAMA,11,CCoSp3,3.0,3.77,0.77,Men,Japan,2024,Free Skate
89,Yuma KAGIYAMA,12,FCCoSp3,3.0,3.86,0.86,Men,Japan,2024,Free Skate
90,Yuma KAGIYAMA,2,4S,9.7,13.44,3.74,Men,Japan,2024,Free Skate
91,Yuma KAGIYAMA,3,4T+3T,13.7,17.09,3.39,Men,Japan,2024,Free Skate
92,Yuma KAGIYAMA,4,3A+1Eu+3S,12.8,15.2,2.4,Men,Japan,2024,Free Skate
93,Yuma KAGIYAMA,5,FCSSp4,3.0,3.73,0.73,Men,Japan,2024,Free Skate
94,Yuma KAGIYAMA,9,StSq4,3.9,5.68,1.78,Men,Japan,2024,Free Skate
0,Alysa LIU,1,3F,5.3,6.66,1.36,Women,Japan,2024,Free Skate
1,Alysa LIU,10,FCSp2,2.3,2.43,0.13,Women,Japan,2024,Free Skate
2,Alysa LIU,11,ChSq1,3.0,3.64,0.64,Women,Japan,2024,Free Skate
3,Alysa LIU,12,LSp2,1.9,2.36,0.46,Women,Japan,2024,Free Skate
4,Alysa LIU,3,2A,3.3,4.15,0.85,Women,Japan,2024,Free Skate
5,Alysa LIU,4,CCoSp4,3.5,4.2,0.7,Women,Japan,2024,Free Skate
6,Alysa LIU,5,3Lo,4.9,6.09,1.19,Women,Japan,2024,Free Skate
7,Alysa LIU,6,StSq4,3.9,4.85,0.95,Women,Japan,2024,Free Skate
8,Bradie TENNELL,1,3Lz,5.9,7.25,1.35,Women,Japan,2024,Free Skate
9,Bradie TENNELL,10,ChSq1,3.0,4.71,1.71,Women,Japan,2024,Free Skate
10,Bradie TENNELL,11,CCSp4,3.2,4.16,0.96,Women,Japan,2024,Free Skate
11,Bradie TENNELL,12,CCoSp4,3.5,4.95,1.45,Women,Japan,2024,Free Skate
12,Bradie TENNELL,2,3Lo+2A+SEQ,8.2,9.53,1.33,Women,Japan,2024,Free Skate
13,Bradie TENNELL,4,3S,4.3,5.22,0.92,Women,Japan,2024,Free Skate
14,Bradie TENNELL,5,FCCoSp4,3.5,4.3,0.8,Women,Japan,2024,Free Skate
15,Bradie TENNELL,6,StSq3,3.3,4.1,0.8,Women,Japan,2024,Free Skate
16,Ekaterina KURAKOVA,10,FCCoSp3,3.0,3.43,0.43,Women,Japan,2024,Free Skate
17,Ekaterina KURAKOVA,11,StSq3,3.3,3.96,0.66,Women,Japan,2024,Free Skate
18,Ekaterina KURAKOVA,12,LSp4,2.7,3.12,0.42,Women,Japan,2024,Free Skate
19,Ekaterina KURAKOVA,3,3T,4.2,4.56,0.36,Women,Japan,2024,Free Skate
20,Ekaterina KURAKOVA,5,CCoSp4V,2.63,2.97,0.34,Women,Japan,2024,Free Skate
21,Ekaterina KURAKOVA,6,ChSq1,3.0,3.64,0.64,Women,Japan,2024,Free Skate
22,Kaori SAKAMOTO,1,2A,3.3,4.81,1.51,Women,Japan,2024,Free Skate
23,Kaori SAKAMOTO,12,FCCoSp4,3.5,4.5,1.0,Women,Japan,2024,Free Skate
24,Kaori SAKAMOTO,2,3Lz,5.9,7.75,1.85,Women,Japan,2024,Free Skate
25,Kaori SAKAMOTO,3,2A+1Eu+3S,8.1,9.94,1.84,Women,Japan,2024,Free Skate
26,Kaori SAKAMOTO,4,CCoSp4,3.5,4.4,0.9,Women,Japan,2024,Free Skate
27,Kaori SAKAMOTO,5,3F+3T,9.5,11.32,1.82,Women,Japan,2024,Free Skate
28,Kaori SAKAMOTO,6,StSq3,3.3,4.53,1.23,Women,Japan,2024,Free Skate
29,Kaori SAKAMOTO,7,FSSp4,3.0,3.73,0.73,Women,Japan,2024,Free Skate
30,Kaori SAKAMOTO,9,ChSq1,3.0,4.86,1.86,Women,Japan,2024,Free Skate
31,Lara Naki GUTMANN,1,3Lz+1Eu+3S,10.7,12.3,1.6,Women,Japan,2024,Free Skate
32,Lara Naki GUTMANN,10,StSq2,2.6,3.19,0.59,Women,Japan,2024,Free Skate
33,Lara Naki GUTMANN,11,CSp4,2.6,3.16,0.56,Women,Japan,2024,Free Skate
34,Lara Naki GUTMANN,12,FCCoSp3,3.0,3.47,0.47,Women,Japan,2024,Free Skate
35,Lara Naki GUTMANN,2,3T+2A+SEQ,7.5,8.52,1.02,Women,Japan,2024,Free Skate
36,Lara Naki GUTMANN,3,2F,1.8,2.11,0.31,Women,Japan,2024,Free Skate
37,Lara Naki GUTMANN,4,3S+2T,5.6,6.28,0.68,Women,Japan,2024,Free Skate
38,Lara Naki GUTMANN,5,ChSq1,3.0,3.93,0.93,Women,Japan,2024,Free Skate
39,Lara Naki GUTMANN,7,CCoSp4,3.5,4.15,0.65,Women,Japan,2024,Free Skate
40,Lindsay THORNGREN,11,FCCoSp3,3.0,3.64,0.64,Women,Japan,2024,Free Skate
41,Lindsay THORNGREN,12,CCoSp4,3.5,4.8,1.3,Women,Japan,2024,Free Skate
42,Lindsay THORNGREN,2,3Lo,4.9,5.74,0.84,Women,Japan,2024,Free Skate
43,Lindsay THORNGREN,4,FSSp4,3.0,3.39,0.39,Women,Japan,2024,Free Skate
44,Lindsay THORNGREN,5,StSq2,2.6,3.12,0.52,Women,Japan,2024,Free Skate
45,Lindsay THORNGREN,8,ChSq1,3.0,4.36,1.36,Women,Japan,2024,Free Skate
46,Mone CHIBA,10,StSq3,3.3,4.29,0.99,Women,Japan,2024,Free Skate
47,Mone CHIBA,11,LSp4,2.7,3.78,1.08,Women,Japan,2024,Free Skate
48,Mone CHIBA,12,CCoSp4,3.5,4.7,1.2,Women,Japan,2024,Free Skate
49,Mone CHIBA,2,3S,4.3,5.28,0.98,Women,Japan,2024,Free Skate
50,Mone CHIBA,3,3Lo,4.9,6.02,1.12,Women,Japan,2024,Free Skate
51,Mone CHIBA,4,2A,3.3,4.01,0.71,Women,Japan,2024,Free Skate
52,Mone CHIBA,5,ChSq1,3.0,4.5,1.5,Women,Japan,2024,Free Skate
53,Mone CHIBA,6,FCCoSp4,3.5,4.2,0.7,Women,Japan,2024,Free Skate
54,Niina PETROKINA,1,2A+3T,7.5,8.46,0.96,Women,Japan,2024,Free Skate
55,Niina PETROKINA,10,CCoSp4,3.5,4.35,0.85,Women,Japan,2024,Free Skate
56,Niina PETROKINA,11,ChSq1,3.0,4.07,1.07,Women,Japan,2024,Free Skate
57,Niina PETROKINA,12,LSp4,2.7,3.24,0.54,Women,Japan,2024,Free Skate
58,Niina PETROKINA,2,3Lz,5.9,5.31,-0.59,Women,Japan,2024,Free Skate
59,Niina PETROKINA,5,FCCoSp4,3.5,4.1,0.6,Women,Japan,2024,Free Skate
60,Olga MIKUTINA,12,CCoSp3,3.0,3.51,0.51,Women,Japan,2024,Free Skate
61,Olga MIKUTINA,2,3F,5.3,6.36,1.06,Women,Japan,2024,Free Skate
62,Olga MIKUTINA,3,2Lo+2A+SEQ,5.0,5.42,0.42,Women,Japan,2024,Free Skate
63,Olga MIKUTINA,4,FCSp2,2.3,2.6,0.3,Women,Japan,2024,Free Skate
64,Olga MIKUTINA,5,ChSq1,3.0,4.0,1.0,Women,Japan,2024,Free Skate
65,Olga MIKUTINA,8,FCCoSp4,3.5,4.4,0.9,Women,Japan,2024,Free Skate
66,Olga MIKUTINA,9,StSq3,3.3,4.05,0.75,Women,Japan,2024,Free Skate
67,Seoyeong WI,10,StSq4,3.9,4.12,0.22,Women,Japan,2024,Free Skate
68,Seoyeong WI,11,FCCoSp3,3.0,3.21,0.21,Women,Japan,2024,Free Skate
69,Seoyeong WI,12,CCoSp1V,1.5,1.39,-0.11,Women,Japan,2024,Free Skate
70,Seoyeong WI,2,3F,5.3,5.83,0.53,Women,Japan,2024,Free Skate
71,Seoyeong WI,5,FCSp4,3.2,3.47,0.27,Women,Japan,2024,Free Skate
72,Seoyeong WI,6,ChSq1,3.0,3.64,0.64,Women,Japan,2024,Free Skate
73,Yelim KIM,1,3Lz+2T,7.2,8.13,0.93,Women,Japan,2024,Free Skate
74,Yelim KIM,10,SSp4,2.5,2.86,0.36,Women,Japan,2024,Free Skate
75,Yelim KIM,11,StSq3,3.3,4.1,0.8,Women,Japan,2024,Free Skate
76,Yelim KIM,12,CCoSp4,3.5,3.95,0.45,Women,Japan,2024,Free Skate
77,Yelim KIM,2,3Lo,4.9,5.88,0.98,Women,Japan,2024,Free Skate
78,Yelim KIM,4,3S,4.3,5.04,0.74,Women,Japan,2024,Free Skate
79,Yelim KIM,5,FCSp4,3.2,3.79,0.59,Women,Japan,2024,Free Skate
80,Yelim KIM,9,ChSq1,3.0,4.07,1.07,Women,Japan,2024,Free Skate
81,Yuna AOKI,10,ChSq1,3.0,4.64,1.64,Women,Japan,2024,Free Skate
82,Yuna AOKI,11,StSq4,3.9,5.13,1.23,Women,Japan,2024,Free Skate
83,Yuna AOKI,12,LSp4,2.7,3.51,0.81,Women,Japan,2024,Free Skate
84,Yuna AOKI,3,3S,4.3,5.22,0.92,Women,Japan,2024,Free Skate
85,Yuna AOKI,4,2A,3.3,4.1,0.8,Women,Japan,2024,Free Skate
86,Yuna AOKI,5,CCoSp4,3.5,4.05,0.55,Women,Japan,2024,Free Skate
87,Yuna AOKI,9,FCSp4,3.2,3.98,0.78,Women,Japan,2024,Free Skate
0,Daniel GRASSL,10,StSq3,3.3,3.91,0.61,Men,GPFinal,2024,Free Skate
1,Daniel GRASSL,11,CCoSp3,3.0,3.77,0.77,Men,GPFinal,2024,Free Skate
2,Daniel GRASSL,12,CSSp3,2.6,2.97,0.37,Men,GPFinal,2024,Free Skate
3,Daniel GRASSL,3,4S,9.7,11.5,1.8,Men,GPFinal,2024,Free Skate
4,Daniel GRASSL,4,3A+3T,12.2,13.8,1.6,Men,GPFinal,2024,Free Skate
5,Daniel GRASSL,5,ChSq1,3.0,3.86,0.86,Men,GPFinal,2024,Free Skate
6,Daniel GRASSL,8,FCCoSp4,3.5,4.15,0.65,Men,GPFinal,2024,Free Skate
7,Ilia MALININ,10,StSq3,3.3,4.24,0.94,Men,GPFinal,2024,Free Skate
8,Ilia MALININ,11,ChSq1,3.0,5.21,2.21,Men,GPFinal,2024,Free Skate
9,Ilia MALININ,12,FSSp3,2.6,3.01,0.41,Men,GPFinal,2024,Free Skate
10,Ilia MALININ,5,CCoSp4,3.5,4.55,1.05,Men,GPFinal,2024,Free Skate
11,Ilia MALININ,9,CCSp4,3.2,3.93,0.73,Men,GPFinal,2024,Free Skate
12,Kevin AYMOZ,1,4T+2T,10.8,13.11,2.31,Men,GPFinal,2024,Free Skate
13,Kevin AYMOZ,10,CCSp4,3.2,4.11,0.91,Men,GPFinal,2024,Free Skate
14,Kevin AYMOZ,11,ChSq1,3.0,5.07,2.07,Men,GPFinal,2024,Free Skate
15,Kevin AYMOZ,12,CCoSp4,3.5,4.75,1.25,Men,GPFinal,2024,Free Skate
16,Kevin AYMOZ,2,4T,9.5,7.46,-2.04,Men,GPFinal,2024,Free Skate
17,Kevin AYMOZ,3,3Lz,5.9,3.71,-2.19,Men,GPFinal,2024,Free Skate
18,Kevin AYMOZ,4,3A+2A+SEQ,11.3,13.13,1.83,Men,GPFinal,2024,Free Skate
19,Kevin AYMOZ,5,FCCoSp4,3.5,4.4,0.9,Men,GPFinal,2024,Free Skate
20,Kevin AYMOZ,6,StSq4,3.9,5.35,1.45,Men,GPFinal,2024,Free Skate
21,Mikhail SHAIDOROV,10,StSq2,2.6,3.12,0.52,Men,GPFinal,2024,Free Skate
22,Mikhail SHAIDOROV,11,ChSq1,3.0,3.57,0.57,Men,GPFinal,2024,Free Skate
23,Mikhail SHAIDOROV,12,CCoSp4,3.5,3.85,0.35,Men,GPFinal,2024,Free Skate
24,Mikhail SHAIDOROV,2,3A+1Eu+4S,18.2,17.65,-0.55,Men,GPFinal,2024,Free Skate
25,Mikhail SHAIDOROV,4,3Lo,4.9,5.74,0.84,Men,GPFinal,2024,Free Skate
26,Mikhail SHAIDOROV,5,FCSp3,2.8,3.0,0.2,Men,GPFinal,2024,Free Skate
27,Mikhail SHAIDOROV,6,CSSp1,1.9,2.06,0.16,Men,GPFinal,2024,Free Skate
28,Shun SATO,1,4Lz,11.5,13.96,2.46,Men,GPFinal,2024,Free Skate
29,Shun SATO,10,StSq3,3.3,4.2,0.9,Men,GPFinal,2024,Free Skate
30,Shun SATO,11,ChSq1,3.0,4.14,1.14,Men,GPFinal,2024,Free Skate
31,Shun SATO,12,CCoSp4,3.5,4.35,0.85,Men,GPFinal,2024,Free Skate
32,Shun SATO,3,4T+3T,13.7,16.28,2.58,Men,GPFinal,2024,Free Skate
33,Shun SATO,4,FCSp3,2.8,3.36,0.56,Men,GPFinal,2024,Free Skate
34,Shun SATO,5,4T,9.5,12.49,2.99,Men,GPFinal,2024,Free Skate
35,Shun SATO,9,CSSp3,2.6,3.08,0.48,Men,GPFinal,2024,Free Skate
36,Yuma KAGIYAMA,1,4F,11.0,13.2,2.2,Men,GPFinal,2024,Free Skate
37,Yuma KAGIYAMA,10,ChSq1,3.0,4.64,1.64,Men,GPFinal,2024,Free Skate
38,Yuma KAGIYAMA,11,CCoSp3,3.0,3.86,0.86,Men,GPFinal,2024,Free Skate
39,Yuma KAGIYAMA,12,FCCoSp3,3.0,3.94,0.94,Men,GPFinal,2024,Free Skate
40,Yuma KAGIYAMA,2,2S,1.3,1.37,0.07,Men,GPFinal,2024,Free Skate
41,Yuma KAGIYAMA,3,4T+3T,13.7,16.55,2.85,Men,GPFinal,2024,Free Skate
42,Yuma KAGIYAMA,4,3A+1Eu+3S,12.8,14.86,2.06,Men,GPFinal,2024,Free Skate
43,Yuma KAGIYAMA,5,FCSSp4,3.0,3.86,0.86,Men,GPFinal,2024,Free Skate
44,Yuma KAGIYAMA,9,StSq2,2.6,3.79,1.19,Men,GPFinal,2024,Free Skate
0,Amber GLENN,1,3A,8.0,9.83,1.83,Women,GPFinal,2024,Free Skate
1,Amber GLENN,10,StSq3,3.3,4.05,0.75,Women,GPFinal,2024,Free Skate
2,Amber GLENN,11,ChSq1,3.0,4.21,1.21,Women,GPFinal,2024,Free Skate
3,Amber GLENN,12,LSp4,2.7,3.32,0.62,Women,GPFinal,2024,Free Skate
4,Amber GLENN,2,3F+3T,9.5,10.71,1.21,Women,GPFinal,2024,Free Skate
5,Amber GLENN,3,3Lz+2T,7.2,8.38,1.18,Women,GPFinal,2024,Free Skate
6,Amber GLENN,4,2S,1.3,1.37,0.07,Women,GPFinal,2024,Free Skate
7,Amber GLENN,5,FSSp4,3.0,3.13,0.13,Women,GPFinal,2024,Free Skate
8,Amber GLENN,8,CCoSp2,2.5,3.18,0.68,Women,GPFinal,2024,Free Skate
9,Hana YOSHIDA,10,CCoSp4,3.5,4.2,0.7,Women,GPFinal,2024,Free Skate
10,Hana YOSHIDA,11,StSq3,3.3,4.15,0.85,Women,GPFinal,2024,Free Skate
11,Hana YOSHIDA,12,SSp4,2.5,3.25,0.75,Women,GPFinal,2024,Free Skate
12,Hana YOSHIDA,3,2A+3T,7.5,8.7,1.2,Women,GPFinal,2024,Free Skate
13,Hana YOSHIDA,4,3Lo,4.9,5.95,1.05,Women,GPFinal,2024,Free Skate
14,Hana YOSHIDA,5,ChSq1,3.0,4.14,1.14,Women,GPFinal,2024,Free Skate
15,Hana YOSHIDA,6,FCCoSp4,3.5,4.1,0.6,Women,GPFinal,2024,Free Skate
16,Kaori SAKAMOTO,1,2A,3.3,4.62,1.32,Women,GPFinal,2024,Free Skate
17,Kaori SAKAMOTO,12,FCCoSp4,3.5,4.45,0.95,Women,GPFinal,2024,Free Skate
18,Kaori SAKAMOTO,2,3Lz,5.9,6.57,0.67,Women,GPFinal,2024,Free Skate
19,Kaori SAKAMOTO,3,2A+1Eu+3S,8.1,9.7,1.6,Women,GPFinal,2024,Free Skate
20,Kaori SAKAMOTO,4,CCoSp4V,2.63,3.12,0.49,Women,GPFinal,2024,Free Skate
21,Kaori SAKAMOTO,5,3F,5.3,5.22,-0.08,Women,GPFinal,2024,Free Skate
22,Kaori SAKAMOTO,6,StSq4,3.9,5.01,1.11,Women,GPFinal,2024,Free Skate
23,Kaori SAKAMOTO,7,FSSp4,3.0,3.73,0.73,Women,GPFinal,2024,Free Skate
24,Kaori SAKAMOTO,9,ChSq1,3.0,4.43,1.43,Women,GPFinal,2024,Free Skate
25,Mone CHIBA,1,3F+3T,9.5,10.94,1.44,Women,GPFinal,2024,Free Skate
26,Mone CHIBA,10,StSq4,3.9,4.96,1.06,Women,GPFinal,2024,Free Skate
27,Mone CHIBA,11,LSp4,2.7,3.78,1.08,Women,GPFinal,2024,Free Skate
28,Mone CHIBA,12,CCoSp4,3.5,4.7,1.2,Women,GPFinal,2024,Free Skate
29,Mone CHIBA,2,3S,4.3,5.41,1.11,Women,GPFinal,2024,Free Skate
30,Mone CHIBA,4,2A,3.3,4.05,0.75,Women,GPFinal,2024,Free Skate
31,Mone CHIBA,5,ChSq1,3.0,4.5,1.5,Women,GPFinal,2024,Free Skate
32,Mone CHIBA,6,FCCoSp4,3.5,4.35,0.85,Women,GPFinal,2024,Free Skate
33,Rino MATSUIKE,10,StSq4,3.9,4.9,1.0,Women,GPFinal,2024,Free Skate
34,Rino MATSUIKE,11,CCoSp4,3.5,4.7,1.2,Women,GPFinal,2024,Free Skate
35,Rino MATSUIKE,12,LSp4,2.7,3.51,0.81,Women,GPFinal,2024,Free Skate
36,Rino MATSUIKE,3,3F,5.3,6.59,1.29,Women,GPFinal,2024,Free Skate
37,Rino MATSUIKE,4,ChSq1,3.0,4.14,1.14,Women,GPFinal,2024,Free Skate
38,Rino MATSUIKE,5,2A,3.3,4.15,0.85,Women,GPFinal,2024,Free Skate
39,Rino MATSUIKE,6,FCCoSp3,3.0,3.17,0.17,Women,GPFinal,2024,Free Skate
40,Wakaba HIGUCHI,1,2A,3.3,4.24,0.94,Women,GPFinal,2024,Free Skate
41,Wakaba HIGUCHI,10,FCSp3,2.8,3.12,0.32,Women,GPFinal,2024,Free Skate
42,Wakaba HIGUCHI,11,StSq4,3.9,5.13,1.23,Women,GPFinal,2024,Free Skate
43,Wakaba HIGUCHI,12,SSp4,2.5,2.96,0.46,Women,GPFinal,2024,Free Skate
44,Wakaba HIGUCHI,2,3Lz+3T,10.1,11.62,1.52,Women,GPFinal,2024,Free Skate
45,Wakaba HIGUCHI,3,3Lo,4.9,5.88,0.98,Women,GPFinal,2024,Free Skate
46,Wakaba HIGUCHI,4,CCoSp4,3.5,4.2,0.7,Women,GPFinal,2024,Free Skate
47,Wakaba HIGUCHI,5,2S,1.3,1.3,0.0,Women,GPFinal,2024,Free Skate
48,Wakaba HIGUCHI,6,ChSq1,3.0,3.86,0.86,Women,GPFinal,2024,Free Skate
